姓名,代码,头像
三上悠亜,okq,https://www.javbus.com/pics/actress/okq_a.jpg
深田えいみ,tyv,https://www.javbus.com/pics/actress/tyv_a.jpg
篠田ゆう,2pv,https://www.javbus.com/pics/actress/2pv_a.jpg
橋本ありな,pmv,https://www.javbus.com/pics/actress/pmv_a.jpg
桃乃木かな,p6v,https://www.javbus.com/pics/actress/p6v_a.jpg
明里つむぎ,qs6,https://www.javbus.com/pics/actress/qs6_a.jpg
葵つかさ,2xi,https://www.javbus.com/pics/actress/2xi_a.jpg
相沢みなみ,qfy,https://www.javbus.com/pics/actress/qfy_a.jpg
波多野結衣,2jv,https://www.javbus.com/pics/actress/2jv_a.jpg
JULIA,2de,https://www.javbus.com/pics/actress/2de_a.jpg
桜空もも,r62,https://www.javbus.com/pics/actress/r62_a.jpg
水卜さくら,qz7,https://www.javbus.com/pics/actress/qz7_a.jpg
天使もえ,n5q,https://www.javbus.com/pics/actress/n5q_a.jpg
君島みお,rki,https://www.javbus.com/pics/actress/rki_a.jpg
園田みおん,ow0,https://www.javbus.com/pics/actress/ow0_a.jpg
佐々木あき,p8y,https://www.javbus.com/pics/actress/p8y_a.jpg
高橋しょう子,pw2,https://www.javbus.com/pics/actress/pw2_a.jpg
有坂深雪,rw6,https://www.javbus.com/pics/actress/rw6_a.jpg
岬ななみ,rsv,https://www.javbus.com/pics/actress/rsv_a.jpg
水野朝陽,92l,https://www.javbus.com/pics/actress/92l_a.jpg
夢乃あいか,8ec,https://www.javbus.com/pics/actress/8ec_a.jpg
楓カレン,u4m,https://www.javbus.com/pics/actress/u4m_a.jpg
蓮実クレア,81j,https://www.javbus.com/pics/actress/81j_a.jpg
愛音まりあ,qq9,https://www.javbus.com/pics/actress/qq9_a.jpg
山岸逢花,rew,https://www.javbus.com/pics/actress/rew_a.jpg
凛音とうか,sba,https://www.javbus.com/pics/actress/sba_a.jpg
鈴村あいり,b64,https://www.javbus.com/pics/actress/b64_a.jpg
美谷朱里,reg,https://www.javbus.com/pics/actress/reg_a.jpg
あやみ旬果,2yl,https://www.javbus.com/pics/actress/2yl_a.jpg
永瀬ゆい,um7,https://www.javbus.com/pics/actress/um7_a.jpg
松下紗栄子,opq,https://www.javbus.com/pics/actress/opq_a.jpg
里美ゆりあ,300,https://www.javbus.com/pics/actress/300_a.jpg
明日花キララ,1ny,https://www.javbus.com/pics/actress/1ny_a.jpg
涼森れむ,uly,https://www.javbus.com/pics/actress/uly_a.jpg
森沢かな（飯岡かなこ）,ef2,https://www.javbus.com/pics/actress/ef2_a.jpg
希島あいり,9pj,https://www.javbus.com/pics/actress/9pj_a.jpg
RION,p4o,https://www.javbus.com/pics/actress/p4o_a.jpg
葵,nj9,https://www.javbus.com/pics/actress/nj9_a.jpg
星奈あい,rl1,https://www.javbus.com/pics/actress/rl1_a.jpg
神宮寺ナオ,rtn,https://www.javbus.com/pics/actress/rtn_a.jpg
小島みなみ,86u,https://www.javbus.com/pics/actress/86u_a.jpg
浜崎真緒,b6b,https://www.javbus.com/pics/actress/b6b_a.jpg
椎名そら,p84,https://www.javbus.com/pics/actress/p84_a.jpg
鈴木心春,8yw,https://www.javbus.com/pics/actress/8yw_a.jpg
天海つばさ,6ak,https://www.javbus.com/pics/actress/6ak_a.jpg
奥田咲,82q,https://www.javbus.com/pics/actress/82q_a.jpg
坂道みる,t14,https://www.javbus.com/pics/actress/t14_a.jpg
佐山愛,2ks,https://www.javbus.com/pics/actress/2ks_a.jpg
希崎ジェシカ,5kp,https://www.javbus.com/pics/actress/5kp_a.jpg
古川いおり,9mi,https://www.javbus.com/pics/actress/9mi_a.jpg
めぐり（藤浦めぐ）,305,https://www.javbus.com/pics/actress/305_a.jpg
麻里梨夏,ppk,https://www.javbus.com/pics/actress/ppk_a.jpg
大槻ひびき,2m3,https://www.javbus.com/pics/actress/2m3_a.jpg
伊藤舞雪,s3m,https://www.javbus.com/pics/actress/s3m_a.jpg
星宮一花,two,https://www.javbus.com/pics/actress/two_a.jpg
辻井ほのか,vfl,https://www.javbus.com/pics/actress/vfl_a.jpg
本田岬,857,https://www.javbus.com/pics/actress/857_a.jpg
跡美しゅり,p1p,https://www.javbus.com/pics/actress/p1p_a.jpg
安齋らら,vkq,https://www.javbus.com/pics/actress/vkq_a.jpg
有村のぞみ,s8g,https://www.javbus.com/pics/actress/s8g_a.jpg
初川みなみ,mj2,https://www.javbus.com/pics/actress/mj2_a.jpg
渚みつき,u8p,https://www.javbus.com/pics/actress/u8p_a.jpg
永井マリア,un8,https://www.javbus.com/pics/actress/un8_a.jpg
AIKA,2t4,https://www.javbus.com/pics/actress/2t4_a.jpg
つぼみ,1fw,https://www.javbus.com/pics/actress/1fw_a.jpg
三原ほのか,o7z,https://www.javbus.com/pics/actress/o7z_a.jpg
七沢みあ,rwt,https://www.javbus.com/pics/actress/rwt_a.jpg
吉高寧々,rmx,https://www.javbus.com/pics/actress/rmx_a.jpg
永瀬みなも,u6c,https://www.javbus.com/pics/actress/u6c_a.jpg
河合あすな,sf0,https://www.javbus.com/pics/actress/sf0_a.jpg
野々浦暖,uch,https://www.javbus.com/pics/actress/uch_a.jpg
倉多まお,7ve,https://www.javbus.com/pics/actress/7ve_a.jpg
松本菜奈実,qo7,https://www.javbus.com/pics/actress/qo7_a.jpg
友田彩也香,2di,https://www.javbus.com/pics/actress/2di_a.jpg
メロディー・雛・マークス,vnf,https://www.javbus.com/pics/actress/vnf_a.jpg
枢木あおい,r63,https://www.javbus.com/pics/actress/r63_a.jpg
新井エリー（晶エリー、大沢佑香）,14b,https://www.javbus.com/pics/actress/14b_a.jpg
東凛,n4r,https://www.javbus.com/pics/actress/n4r_a.jpg
吉沢明歩,2eg,https://www.javbus.com/pics/actress/2eg_a.jpg
春咲りょう,rp6,https://www.javbus.com/pics/actress/rp6_a.jpg
ティア,7y7,https://www.javbus.com/pics/actress/7y7_a.jpg
小倉由菜,s3q,https://www.javbus.com/pics/actress/s3q_a.jpg
宝生リリー,rqb,https://www.javbus.com/pics/actress/rqb_a.jpg
架乃ゆら,rxf,https://www.javbus.com/pics/actress/rxf_a.jpg
あおいれな,pey,https://www.javbus.com/pics/actress/pey_a.jpg
藍芽みずき,v85,https://www.javbus.com/pics/actress/v85_a.jpg
稲場るか,ugj,https://www.javbus.com/pics/actress/ugj_a.jpg
目黒めぐみ,vbn,https://www.javbus.com/pics/actress/vbn_a.jpg
逢見リカ,uk3,https://www.javbus.com/pics/actress/uk3_a.jpg
松永さな,sl2,https://www.javbus.com/pics/actress/sl2_a.jpg
八乃つばさ,s0s,https://www.javbus.com/pics/actress/s0s_a.jpg
田中ねね,w64,https://www.javbus.com/pics/actress/w64_a.jpg
通野未帆,lxf,https://www.javbus.com/pics/actress/lxf_a.jpg
斎藤あみり,vfn,https://www.javbus.com/pics/actress/vfn_a.jpg
黒川サリナ,rpo,https://www.javbus.com/pics/actress/rpo_a.jpg
岬あずさ,u34,https://www.javbus.com/pics/actress/u34_a.jpg
羽咲みはる,pr7,https://www.javbus.com/pics/actress/pr7_a.jpg
向井藍,pdb,https://www.javbus.com/pics/actress/pdb_a.jpg
西宮ゆめ,qed,https://www.javbus.com/pics/actress/qed_a.jpg
河北はるな,q8t,https://www.javbus.com/pics/actress/q8t_a.jpg
織田真子,6xe,https://www.javbus.com/pics/actress/6xe_a.jpg
紗々原ゆり,pr8,https://www.javbus.com/pics/actress/pr8_a.jpg
本庄鈴,sq2,https://www.javbus.com/pics/actress/sq2_a.jpg
星野ナミ,7ud,https://www.javbus.com/pics/actress/7ud_a.jpg
大浦真奈美,szy,https://www.javbus.com/pics/actress/szy_a.jpg
藤森里穂,vtc,https://www.javbus.com/pics/actress/vtc_a.jpg
宝田もなみ,sb9,https://www.javbus.com/pics/actress/sb9_a.jpg
七ツ森りり,wgs,https://www.javbus.com/pics/actress/wgs_a.jpg
小早川怜子,80o,https://www.javbus.com/pics/actress/80o_a.jpg
永井みひな,rdk,https://www.javbus.com/pics/actress/rdk_a.jpg
夏希まろん,uzx,https://www.javbus.com/pics/actress/uzx_a.jpg
あべみかこ,93o,https://www.javbus.com/pics/actress/93o_a.jpg
米倉穂香,t1y,https://www.javbus.com/pics/actress/t1y_a.jpg
広瀬りおな,vtx,https://www.javbus.com/pics/actress/vtx_a.jpg
石原莉奈,1u6,https://www.javbus.com/pics/actress/1u6_a.jpg
白石茉莉奈,9qp,https://www.javbus.com/pics/actress/9qp_a.jpg
篠田あゆみ,n0l,https://www.javbus.com/pics/actress/n0l_a.jpg
神咲詩織,79q,https://www.javbus.com/pics/actress/79q_a.jpg
吉川あいみ,9ns,https://www.javbus.com/pics/actress/9ns_a.jpg
九重かんな,qov,https://www.javbus.com/pics/actress/qov_a.jpg
椎名ゆな,2su,https://www.javbus.com/pics/actress/2su_a.jpg
新村あかり,qi7,https://www.javbus.com/pics/actress/qi7_a.jpg
御坂りあ,swf,https://www.javbus.com/pics/actress/swf_a.jpg
紗倉まな,7z0,https://www.javbus.com/pics/actress/7z0_a.jpg
ひなたまりん,uw7,https://www.javbus.com/pics/actress/uw7_a.jpg
上原亜衣,2ny,https://www.javbus.com/pics/actress/2ny_a.jpg
美咲かんな,nsy,https://www.javbus.com/pics/actress/nsy_a.jpg
白木優子,80i,https://www.javbus.com/pics/actress/80i_a.jpg
阿部乃みく,m2c,https://www.javbus.com/pics/actress/m2c_a.jpg
冬月かえで,4xe,https://www.javbus.com/pics/actress/4xe_a.jpg
桐谷まつり,qpi,https://www.javbus.com/pics/actress/qpi_a.jpg
香苗レノン,r4f,https://www.javbus.com/pics/actress/r4f_a.jpg
妃月るい,py1,https://www.javbus.com/pics/actress/py1_a.jpg
中野七緒,uvy,https://www.javbus.com/pics/actress/uvy_a.jpg
あいだ飛鳥,twg,https://www.javbus.com/pics/actress/twg_a.jpg
霧島レオナ,upl,https://www.javbus.com/pics/actress/upl_a.jpg
松本いちか,vb3,https://www.javbus.com/pics/actress/vb3_a.jpg
若菜奈央,ozw,https://www.javbus.com/pics/actress/ozw_a.jpg
筧ジュン,uj6,https://www.javbus.com/pics/actress/uj6_a.jpg
今井夏帆,uce,https://www.javbus.com/pics/actress/uce_a.jpg
小梅えな,uy0,https://www.javbus.com/pics/actress/uy0_a.jpg
桜もこ,rus,https://www.javbus.com/pics/actress/rus_a.jpg
林ゆな,m54,https://www.javbus.com/pics/actress/m54_a.jpg
河南実里,qvv,https://www.javbus.com/pics/actress/qvv_a.jpg
三宮つばき,wfo,https://www.javbus.com/pics/actress/wfo_a.jpg
冬愛ことね,uhp,https://www.javbus.com/pics/actress/uhp_a.jpg
美園和花,se4,https://www.javbus.com/pics/actress/se4_a.jpg
吉根ゆりあ,urt,https://www.javbus.com/pics/actress/urt_a.jpg
桜羽のどか,udq,https://www.javbus.com/pics/actress/udq_a.jpg
水戸かな,rtx,https://www.javbus.com/pics/actress/rtx_a.jpg
美竹すず,o2w,https://www.javbus.com/pics/actress/o2w_a.jpg
みづなれい（みずなれい）,1zn,https://www.javbus.com/pics/actress/1zn_a.jpg
春菜はな,6ya,https://www.javbus.com/pics/actress/6ya_a.jpg
香椎りあ,pcm,https://www.javbus.com/pics/actress/pcm_a.jpg
初音みのり,2nl,https://www.javbus.com/pics/actress/2nl_a.jpg
柚月ひまわり,qkv,https://www.javbus.com/pics/actress/qkv_a.jpg
美乃すずめ,viu,https://www.javbus.com/pics/actress/viu_a.jpg
北条麻妃,1wo,https://www.javbus.com/pics/actress/1wo_a.jpg
佐藤エル,uds,https://www.javbus.com/pics/actress/uds_a.jpg
佐知子,ut7,https://www.javbus.com/pics/actress/ut7_a.jpg
石原希望,w7k,https://www.javbus.com/pics/actress/w7k_a.jpg
紺野ひかる,93l,https://www.javbus.com/pics/actress/93l_a.jpg
奏音かのん,uu2,https://www.javbus.com/pics/actress/uu2_a.jpg
由愛可奈,2lb,https://www.javbus.com/pics/actress/2lb_a.jpg
七海ティナ,sv3,https://www.javbus.com/pics/actress/sv3_a.jpg
桐嶋りの,oca,https://www.javbus.com/pics/actress/oca_a.jpg
黒川すみれ,t3o,https://www.javbus.com/pics/actress/t3o_a.jpg
吉良りん,va9,https://www.javbus.com/pics/actress/va9_a.jpg
加藤ももか,qz3,https://www.javbus.com/pics/actress/qz3_a.jpg
優月まりな,qzy,https://www.javbus.com/pics/actress/qzy_a.jpg
三島奈津子,q1n,https://www.javbus.com/pics/actress/q1n_a.jpg
澤村レイコ（高坂保奈美、高坂ますみ）,1rc,https://www.javbus.com/pics/actress/1rc_a.jpg
夕美しおん,t7s,https://www.javbus.com/pics/actress/t7s_a.jpg
新名あみん,v6x,https://www.javbus.com/pics/actress/v6x_a.jpg
咲々原リン,t15,https://www.javbus.com/pics/actress/t15_a.jpg
二宮和香,p37,https://www.javbus.com/pics/actress/p37_a.jpg
推川ゆうり,93j,https://www.javbus.com/pics/actress/93j_a.jpg
藤江史帆,snq,https://www.javbus.com/pics/actress/snq_a.jpg
澁谷果歩,nqz,https://www.javbus.com/pics/actress/nqz_a.jpg
卯水咲流,8y0,https://www.javbus.com/pics/actress/8y0_a.jpg
篠崎かんな,ub5,https://www.javbus.com/pics/actress/ub5_a.jpg
羽生ありさ,q68,https://www.javbus.com/pics/actress/q68_a.jpg
根尾あかり,ujk,https://www.javbus.com/pics/actress/ujk_a.jpg
小野六花,w4u,https://www.javbus.com/pics/actress/w4u_a.jpg
飛鳥りん,q0z,https://www.javbus.com/pics/actress/q0z_a.jpg
霧島さくら,csp,https://www.javbus.com/pics/actress/csp_a.jpg
夏目彩春,gkz,https://www.javbus.com/pics/actress/gkz_a.jpg
新川愛七,vfo,https://www.javbus.com/pics/actress/vfo_a.jpg
西田カリナ,myq,https://www.javbus.com/pics/actress/myq_a.jpg
逢沢まりあ,rb8,https://www.javbus.com/pics/actress/rb8_a.jpg
佳苗るか,7s4,https://www.javbus.com/pics/actress/7s4_a.jpg
風間ゆみ,2t,https://www.javbus.com/pics/actress/2t_a.jpg
波木はるか,p71,https://www.javbus.com/pics/actress/p71_a.jpg
小野夕子,vpx,https://www.javbus.com/pics/actress/vpx_a.jpg
三浦歩美,ucc,https://www.javbus.com/pics/actress/ucc_a.jpg
水川スミレ,sl8,https://www.javbus.com/pics/actress/sl8_a.jpg
川上奈々美,82r,https://www.javbus.com/pics/actress/82r_a.jpg
弥生みづき,v00,https://www.javbus.com/pics/actress/v00_a.jpg
朝桐光,2rw,https://www.javbus.com/pics/actress/2rw_a.jpg
神納花,pwc,https://www.javbus.com/pics/actress/pwc_a.jpg
あかぎ碧,rw2,https://www.javbus.com/pics/actress/rw2_a.jpg
栄川乃亜,q44,https://www.javbus.com/pics/actress/q44_a.jpg
伊賀まこ,ugm,https://www.javbus.com/pics/actress/ugm_a.jpg
神波多一花,94s,https://www.javbus.com/pics/actress/94s_a.jpg
ましろ杏,280,https://www.javbus.com/pics/actress/280_a.jpg
麻美ゆま,2mt,https://www.javbus.com/pics/actress/2mt_a.jpg
皆月ひかる,swx,https://www.javbus.com/pics/actress/swx_a.jpg
愛世くらら,rxl,https://www.javbus.com/pics/actress/rxl_a.jpg
坂咲みほ,s57,https://www.javbus.com/pics/actress/s57_a.jpg
秋山祥子,2v4,https://www.javbus.com/pics/actress/2v4_a.jpg
本真ゆり,7t3,https://www.javbus.com/pics/actress/7t3_a.jpg
川上ゆう（森野雫）,p6,https://www.javbus.com/pics/actress/p6_a.jpg
辻本杏,b6a,https://www.javbus.com/pics/actress/b6a_a.jpg
西野翔,4ao,https://www.javbus.com/pics/actress/4ao_a.jpg
桜井あゆ,91l,https://www.javbus.com/pics/actress/91l_a.jpg
麻倉憂,253,https://www.javbus.com/pics/actress/253_a.jpg
かなで自由,q8v,https://www.javbus.com/pics/actress/q8v_a.jpg
羽月希,2cj,https://www.javbus.com/pics/actress/2cj_a.jpg
高杉麻里,rul,https://www.javbus.com/pics/actress/rul_a.jpg
前田桃杏,w0a,https://www.javbus.com/pics/actress/w0a_a.jpg
天川そら,vf4,https://www.javbus.com/pics/actress/vf4_a.jpg
Hitomi（田中瞳）,304,https://www.javbus.com/pics/actress/304_a.jpg
長谷川るい,oc9,https://www.javbus.com/pics/actress/oc9_a.jpg
乙都さきの,rwd,https://www.javbus.com/pics/actress/rwd_a.jpg
白川ゆず,vnl,https://www.javbus.com/pics/actress/vnl_a.jpg
益坂美亜,shv,https://www.javbus.com/pics/actress/shv_a.jpg
二宮ひかり,t3e,https://www.javbus.com/pics/actress/t3e_a.jpg
音あずさ,sws,https://www.javbus.com/pics/actress/sws_a.jpg
桜井彩,866,https://www.javbus.com/pics/actress/866_a.jpg
富田優衣,sir,https://www.javbus.com/pics/actress/sir_a.jpg
真木今日子,2ud,https://www.javbus.com/pics/actress/2ud_a.jpg
永野いち夏,uw5,https://www.javbus.com/pics/actress/uw5_a.jpg
橋本れいか,rjb,https://www.javbus.com/pics/actress/rjb_a.jpg
戸田真琴,q5z,https://www.javbus.com/pics/actress/q5z_a.jpg
日下部加奈,uje,https://www.javbus.com/pics/actress/uje_a.jpg
小泉ひなた,u58,https://www.javbus.com/pics/actress/u58_a.jpg
久留木玲,uyq,https://www.javbus.com/pics/actress/uyq_a.jpg
並木塔子,q1i,https://www.javbus.com/pics/actress/q1i_a.jpg
瀬名きらり,rgh,https://www.javbus.com/pics/actress/rgh_a.jpg
有原あゆみ,rae,https://www.javbus.com/pics/actress/rae_a.jpg
若月みいな,sod,https://www.javbus.com/pics/actress/sod_a.jpg
妃ひかり,v2g,https://www.javbus.com/pics/actress/v2g_a.jpg
花沢ひまり,w2v,https://www.javbus.com/pics/actress/w2v_a.jpg
姫川ゆうな,q02,https://www.javbus.com/pics/actress/q02_a.jpg
七瀬ひな,uqy,https://www.javbus.com/pics/actress/uqy_a.jpg
竹内夏希,vxp,https://www.javbus.com/pics/actress/vxp_a.jpg
北川エリカ,6vo,https://www.javbus.com/pics/actress/6vo_a.jpg
花咲いあん,p9i,https://www.javbus.com/pics/actress/p9i_a.jpg
武藤あやか,nim,https://www.javbus.com/pics/actress/nim_a.jpg
仲村みう,ra6,https://www.javbus.com/pics/actress/ra6_a.jpg
吉岡ひより,vfs,https://www.javbus.com/pics/actress/vfs_a.jpg
花宮あむ,vnb,https://www.javbus.com/pics/actress/vnb_a.jpg
椿りか,w8w,https://www.javbus.com/pics/actress/w8w_a.jpg
宮沢ちはる,qxb,https://www.javbus.com/pics/actress/qxb_a.jpg
ジューン・ラブジョイ,voa,https://www.javbus.com/pics/actress/voa_a.jpg
佐倉絆,nep,https://www.javbus.com/pics/actress/nep_a.jpg
木下凛々子,vwq,https://www.javbus.com/pics/actress/vwq_a.jpg
宮崎あや,m8c,https://www.javbus.com/pics/actress/m8c_a.jpg
松岡すず,w44,https://www.javbus.com/pics/actress/w44_a.jpg
鈴木さとみ,1q0,https://www.javbus.com/pics/actress/1q0_a.jpg
鷲尾めい,w59,https://www.javbus.com/pics/actress/w59_a.jpg
優梨まいな,s0i,https://www.javbus.com/pics/actress/s0i_a.jpg
早美れむ,usi,https://www.javbus.com/pics/actress/usi_a.jpg
河奈亜依,v01,https://www.javbus.com/pics/actress/v01_a.jpg
凰かなめ,qgk,https://www.javbus.com/pics/actress/qgk_a.jpg
香坂紗梨,s1i,https://www.javbus.com/pics/actress/s1i_a.jpg
水稀みり,pvf,https://www.javbus.com/pics/actress/pvf_a.jpg
乾りっか,u80,https://www.javbus.com/pics/actress/u80_a.jpg
一ノ瀬もも,qv5,https://www.javbus.com/pics/actress/qv5_a.jpg
八神さおり,qh0,https://www.javbus.com/pics/actress/qh0_a.jpg
水沢美心,vly,https://www.javbus.com/pics/actress/vly_a.jpg
森本つぐみ,umn,https://www.javbus.com/pics/actress/umn_a.jpg
小鳥遊ももえ,vfi,https://www.javbus.com/pics/actress/vfi_a.jpg
葵百合香,sve,https://www.javbus.com/pics/actress/sve_a.jpg
橘メアリー,mr2,https://www.javbus.com/pics/actress/mr2_a.jpg
大島優香,o4u,https://www.javbus.com/pics/actress/o4u_a.jpg
鷹宮ゆい,qpz,https://www.javbus.com/pics/actress/qpz_a.jpg
水森翠,vj2,https://www.javbus.com/pics/actress/vj2_a.jpg
音海里奈,srs,https://www.javbus.com/pics/actress/srs_a.jpg
黒崎みか,tzb,https://www.javbus.com/pics/actress/tzb_a.jpg
深田結梨,t7a,https://www.javbus.com/pics/actress/t7a_a.jpg
森ほたる,s89,https://www.javbus.com/pics/actress/s89_a.jpg
葉月レイラ,um0,https://www.javbus.com/pics/actress/um0_a.jpg
翔田千里,173,https://www.javbus.com/pics/actress/173_a.jpg
木下あずみ,8wm,https://www.javbus.com/pics/actress/8wm_a.jpg
三咲美憂,uu3,https://www.javbus.com/pics/actress/uu3_a.jpg
有栖るる,t2l,https://www.javbus.com/pics/actress/t2l_a.jpg
南梨央奈,314,https://www.javbus.com/pics/actress/314_a.jpg
梨々花,sq3,https://www.javbus.com/pics/actress/sq3_a.jpg
長澤あずさ,2nk,https://www.javbus.com/pics/actress/2nk_a.jpg
泉りおん,ry1,https://www.javbus.com/pics/actress/ry1_a.jpg
乃木蛍,ubj,https://www.javbus.com/pics/actress/ubj_a.jpg
湊莉久,8zy,https://www.javbus.com/pics/actress/8zy_a.jpg
叶ユリア,vx5,https://www.javbus.com/pics/actress/vx5_a.jpg
三船かれん,uji,https://www.javbus.com/pics/actress/uji_a.jpg
槙いずな,vxo,https://www.javbus.com/pics/actress/vxo_a.jpg
市川まさみ,o1a,https://www.javbus.com/pics/actress/o1a_a.jpg
笹倉杏,pmn,https://www.javbus.com/pics/actress/pmn_a.jpg
桜木優希音,ngv,https://www.javbus.com/pics/actress/ngv_a.jpg
衣吹かのん,wjz,https://www.javbus.com/pics/actress/wjz_a.jpg
長瀬麻美,nhw,https://www.javbus.com/pics/actress/nhw_a.jpg
立花瑠莉,q9l,https://www.javbus.com/pics/actress/q9l_a.jpg
桐谷なお,run,https://www.javbus.com/pics/actress/run_a.jpg
かすみ果穂,1kz,https://www.javbus.com/pics/actress/1kz_a.jpg
有栖花あか,wm4,https://www.javbus.com/pics/actress/wm4_a.jpg
すみれ美香,qwu,https://www.javbus.com/pics/actress/qwu_a.jpg
谷原希美,nyq,https://www.javbus.com/pics/actress/nyq_a.jpg
花音うらら,vo5,https://www.javbus.com/pics/actress/vo5_a.jpg
北川ゆず,pjr,https://www.javbus.com/pics/actress/pjr_a.jpg
天音まひな,w9j,https://www.javbus.com/pics/actress/w9j_a.jpg
舞原聖,va5,https://www.javbus.com/pics/actress/va5_a.jpg
日菜々はのん,rby,https://www.javbus.com/pics/actress/rby_a.jpg
一条みお,sis,https://www.javbus.com/pics/actress/sis_a.jpg
中村知恵,o6o,https://www.javbus.com/pics/actress/o6o_a.jpg
三田杏,rys,https://www.javbus.com/pics/actress/rys_a.jpg
阿部栞菜,rs7,https://www.javbus.com/pics/actress/rs7_a.jpg
葵いぶき,wbu,https://www.javbus.com/pics/actress/wbu_a.jpg
結城るみな,vyn,https://www.javbus.com/pics/actress/vyn_a.jpg
白坂有以,vm9,https://www.javbus.com/pics/actress/vm9_a.jpg
本庄優花,mj8,https://www.javbus.com/pics/actress/mj8_a.jpg
望月あられ,rvs,https://www.javbus.com/pics/actress/rvs_a.jpg
真白真緒,uuu,https://www.javbus.com/pics/actress/uuu_a.jpg
友田真希,g6,https://www.javbus.com/pics/actress/g6_a.jpg
五十嵐星蘭,r48,https://www.javbus.com/pics/actress/r48_a.jpg
野々宮みさと,qj2,https://www.javbus.com/pics/actress/qj2_a.jpg
本田莉子,95f,https://www.javbus.com/pics/actress/95f_a.jpg
河北麻衣,tw8,https://www.javbus.com/pics/actress/tw8_a.jpg
佐倉ねね,q5c,https://www.javbus.com/pics/actress/q5c_a.jpg
二階堂夢,w2x,https://www.javbus.com/pics/actress/w2x_a.jpg
西條るり,2ni,https://www.javbus.com/pics/actress/2ni_a.jpg
椎葉みくる,s5o,https://www.javbus.com/pics/actress/s5o_a.jpg
青空ひかり,vbt,https://www.javbus.com/pics/actress/vbt_a.jpg
鈴木真夕,m2a,https://www.javbus.com/pics/actress/m2a_a.jpg
神咲まい,v5i,https://www.javbus.com/pics/actress/v5i_a.jpg
二階堂ゆり,q1c,https://www.javbus.com/pics/actress/q1c_a.jpg
白葉りこ,uz8,https://www.javbus.com/pics/actress/uz8_a.jpg
丘えりな,vyz,https://www.javbus.com/pics/actress/vyz_a.jpg
蜜美杏,w63,https://www.javbus.com/pics/actress/w63_a.jpg
桃尻かなめ,wd8,https://www.javbus.com/pics/actress/wd8_a.jpg
川村まや,hy6,https://www.javbus.com/pics/actress/hy6_a.jpg
赤瀬尚子,ulu,https://www.javbus.com/pics/actress/ulu_a.jpg
松本メイ,83i,https://www.javbus.com/pics/actress/83i_a.jpg
仁科百華,2dg,https://www.javbus.com/pics/actress/2dg_a.jpg
琴井しほり,v14,https://www.javbus.com/pics/actress/v14_a.jpg
愛須心亜,94z,https://www.javbus.com/pics/actress/94z_a.jpg
黒木いくみ,qbv,https://www.javbus.com/pics/actress/qbv_a.jpg
小西まりえ,9qx,https://www.javbus.com/pics/actress/9qx_a.jpg
美里有紗,lt7,https://www.javbus.com/pics/actress/lt7_a.jpg
三浦恵理子,8ea,https://www.javbus.com/pics/actress/8ea_a.jpg
吹石れな,pl4,https://www.javbus.com/pics/actress/pl4_a.jpg
東条蒼,uc0,https://www.javbus.com/pics/actress/uc0_a.jpg
小西悠,2hj,https://www.javbus.com/pics/actress/2hj_a.jpg
春風ひかる,uqw,https://www.javbus.com/pics/actress/uqw_a.jpg
有村千佳,2p8,https://www.javbus.com/pics/actress/2p8_a.jpg
春原未来,2wr,https://www.javbus.com/pics/actress/2wr_a.jpg
志田雪奈,ssd,https://www.javbus.com/pics/actress/ssd_a.jpg
乙白さやか,w5a,https://www.javbus.com/pics/actress/w5a_a.jpg
早川瑞希,o1s,https://www.javbus.com/pics/actress/o1s_a.jpg
千乃あずみ,lvl,https://www.javbus.com/pics/actress/lvl_a.jpg
麻生希,83y,https://www.javbus.com/pics/actress/83y_a.jpg
羽生アリサ,w0e,https://www.javbus.com/pics/actress/w0e_a.jpg
望月りさ,so6,https://www.javbus.com/pics/actress/so6_a.jpg
森川アンナ,rb4,https://www.javbus.com/pics/actress/rb4_a.jpg
枢木みかん,7rc,https://www.javbus.com/pics/actress/7rc_a.jpg
倉木しおり,saz,https://www.javbus.com/pics/actress/saz_a.jpg
葉月桃,ua3,https://www.javbus.com/pics/actress/ua3_a.jpg
瀬崎彩音,vo6,https://www.javbus.com/pics/actress/vo6_a.jpg
白石あこ,vvg,https://www.javbus.com/pics/actress/vvg_a.jpg
神ユキ,7ry,https://www.javbus.com/pics/actress/7ry_a.jpg
工藤まなみ,rjr,https://www.javbus.com/pics/actress/rjr_a.jpg
星川凛々花,sqt,https://www.javbus.com/pics/actress/sqt_a.jpg
結まきな,rlo,https://www.javbus.com/pics/actress/rlo_a.jpg
加藤あやの,oo2,https://www.javbus.com/pics/actress/oo2_a.jpg
有沢実紗,63o,https://www.javbus.com/pics/actress/63o_a.jpg
小野寺梨紗,p9h,https://www.javbus.com/pics/actress/p9h_a.jpg
彩葉みおり,t0q,https://www.javbus.com/pics/actress/t0q_a.jpg
黒咲しずく,v7q,https://www.javbus.com/pics/actress/v7q_a.jpg
一色桃子,qo9,https://www.javbus.com/pics/actress/qo9_a.jpg
はるかみらい,suj,https://www.javbus.com/pics/actress/suj_a.jpg
柊るい,uu1,https://www.javbus.com/pics/actress/uu1_a.jpg
大場ゆい,cnw,https://www.javbus.com/pics/actress/cnw_a.jpg
さとう遥希,2lf,https://www.javbus.com/pics/actress/2lf_a.jpg
森ななこ,2lg,https://www.javbus.com/pics/actress/2lg_a.jpg
メイメイ,sa0,https://www.javbus.com/pics/actress/sa0_a.jpg
菅野さゆき,302,https://www.javbus.com/pics/actress/302_a.jpg
竹内有紀,uuv,https://www.javbus.com/pics/actress/uuv_a.jpg
丘咲エミリ,7qy,https://www.javbus.com/pics/actress/7qy_a.jpg
涼宮琴音,pkj,https://www.javbus.com/pics/actress/pkj_a.jpg
水原乃亜,scq,https://www.javbus.com/pics/actress/scq_a.jpg
梓ヒカリ,vx3,https://www.javbus.com/pics/actress/vx3_a.jpg
咲乃小春,ujh,https://www.javbus.com/pics/actress/ujh_a.jpg
来まえび,vy3,https://www.javbus.com/pics/actress/vy3_a.jpg
遥あやね,s08,https://www.javbus.com/pics/actress/s08_a.jpg
桜樹玲奈,uko,https://www.javbus.com/pics/actress/uko_a.jpg
新井優香,t0a,https://www.javbus.com/pics/actress/t0a_a.jpg
柳みゆう,qu8,https://www.javbus.com/pics/actress/qu8_a.jpg
和久井まりあ,uzk,https://www.javbus.com/pics/actress/uzk_a.jpg
藤波さとり,rfp,https://www.javbus.com/pics/actress/rfp_a.jpg
斉藤みゆ,pnq,https://www.javbus.com/pics/actress/pnq_a.jpg
児玉れな,vs7,https://www.javbus.com/pics/actress/vs7_a.jpg
舞島あかり,pns,https://www.javbus.com/pics/actress/pns_a.jpg
水野優香,sn1,https://www.javbus.com/pics/actress/sn1_a.jpg
碧しの（篠めぐみ）,277,https://www.javbus.com/pics/actress/277_a.jpg
天野美優,qi8,https://www.javbus.com/pics/actress/qi8_a.jpg
笠木いちか,u9l,https://www.javbus.com/pics/actress/u9l_a.jpg
あけみみう,qww,https://www.javbus.com/pics/actress/qww_a.jpg
山井すず,s3k,https://www.javbus.com/pics/actress/s3k_a.jpg
桜庭ひかり,u36,https://www.javbus.com/pics/actress/u36_a.jpg
浅田結梨,pcj,https://www.javbus.com/pics/actress/pcj_a.jpg
塚田詩織,lsp,https://www.javbus.com/pics/actress/lsp_a.jpg
日向うみ,sxo,https://www.javbus.com/pics/actress/sxo_a.jpg
織笠るみ,t55,https://www.javbus.com/pics/actress/t55_a.jpg
彩奈リナ（七原あかり）,q76,https://www.javbus.com/pics/actress/q76_a.jpg
森日向子,wcd,https://www.javbus.com/pics/actress/wcd_a.jpg
水沢のの,lvr,https://www.javbus.com/pics/actress/lvr_a.jpg
星あめり,ssy,https://www.javbus.com/pics/actress/ssy_a.jpg
逢沢りいな,t7g,https://www.javbus.com/pics/actress/t7g_a.jpg
涼川絢音,mp3,https://www.javbus.com/pics/actress/mp3_a.jpg
みながわ千遥,uel,https://www.javbus.com/pics/actress/uel_a.jpg
水谷あおい,oop,https://www.javbus.com/pics/actress/oop_a.jpg
深沢いのり,vm8,https://www.javbus.com/pics/actress/vm8_a.jpg
優月心菜,u9n,https://www.javbus.com/pics/actress/u9n_a.jpg
青木玲,g1,https://www.javbus.com/pics/actress/g1_a.jpg
きみと歩実,85e,https://www.javbus.com/pics/actress/85e_a.jpg
矢乃かのん,w8y,https://www.javbus.com/pics/actress/w8y_a.jpg
宇佐木あいか,v2n,https://www.javbus.com/pics/actress/v2n_a.jpg
羽田つばさ,t3n,https://www.javbus.com/pics/actress/t3n_a.jpg
唯井まひろ,swm,https://www.javbus.com/pics/actress/swm_a.jpg
青山翔,vhf,https://www.javbus.com/pics/actress/vhf_a.jpg
早川瀬里奈,2uc,https://www.javbus.com/pics/actress/2uc_a.jpg
後藤里香,qxw,https://www.javbus.com/pics/actress/qxw_a.jpg
星空もあ,ntx,https://www.javbus.com/pics/actress/ntx_a.jpg
八木奈々,vjs,https://www.javbus.com/pics/actress/vjs_a.jpg
伊東真緒,n9a,https://www.javbus.com/pics/actress/n9a_a.jpg
川菜美鈴,i4k,https://www.javbus.com/pics/actress/i4k_a.jpg
ななせ麻衣,s0a,https://www.javbus.com/pics/actress/s0a_a.jpg
七海ゆあ,r12,https://www.javbus.com/pics/actress/r12_a.jpg
美国沙耶,s7q,https://www.javbus.com/pics/actress/s7q_a.jpg
瞳リョウ,63,https://www.javbus.com/pics/actress/63_a.jpg
深田ナナ,qg4,https://www.javbus.com/pics/actress/qg4_a.jpg
結城のの,stx,https://www.javbus.com/pics/actress/stx_a.jpg
山口珠理,e4,https://www.javbus.com/pics/actress/e4_a.jpg
加瀬ななほ,uf5,https://www.javbus.com/pics/actress/uf5_a.jpg
朝日奈あかり,5xs,https://www.javbus.com/pics/actress/5xs_a.jpg
桜ちなみ,oi8,https://www.javbus.com/pics/actress/oi8_a.jpg
原ちとせ,nxr,https://www.javbus.com/pics/actress/nxr_a.jpg
江波りゅう（RYU),307,https://www.javbus.com/pics/actress/307_a.jpg
加美杏奈,vo7,https://www.javbus.com/pics/actress/vo7_a.jpg
藤咲エレン,py2,https://www.javbus.com/pics/actress/py2_a.jpg
初美沙希,2ue,https://www.javbus.com/pics/actress/2ue_a.jpg
高嶋ゆいか,o6h,https://www.javbus.com/pics/actress/o6h_a.jpg
清城ゆき,qkb,https://www.javbus.com/pics/actress/qkb_a.jpg
ひなた澪,r5r,https://www.javbus.com/pics/actress/r5r_a.jpg
佐藤ゆか,o06,https://www.javbus.com/pics/actress/o06_a.jpg
若宮穂乃,u59,https://www.javbus.com/pics/actress/u59_a.jpg
市川花音,vqm,https://www.javbus.com/pics/actress/vqm_a.jpg
一条綺美香,88g,https://www.javbus.com/pics/actress/88g_a.jpg
瀬名ひかり,hq9,https://www.javbus.com/pics/actress/hq9_a.jpg
若槻みづな,p1f,https://www.javbus.com/pics/actress/p1f_a.jpg
由来ちとせ,qmc,https://www.javbus.com/pics/actress/qmc_a.jpg
牧村彩香,sej,https://www.javbus.com/pics/actress/sej_a.jpg
仁美まどか,82k,https://www.javbus.com/pics/actress/82k_a.jpg
美森けい,vs9,https://www.javbus.com/pics/actress/vs9_a.jpg
夏目響,w6u,https://www.javbus.com/pics/actress/w6u_a.jpg
希咲あや,2k9,https://www.javbus.com/pics/actress/2k9_a.jpg
KAORI,b9f,https://www.javbus.com/pics/actress/b9f_a.jpg
尾上若葉,7xb,https://www.javbus.com/pics/actress/7xb_a.jpg
影山さくら,w1j,https://www.javbus.com/pics/actress/w1j_a.jpg
大原向葵,uo2,https://www.javbus.com/pics/actress/uo2_a.jpg
菅野真穂,ua0,https://www.javbus.com/pics/actress/ua0_a.jpg
夏原唯,t3d,https://www.javbus.com/pics/actress/t3d_a.jpg
安西ひかり,rpp,https://www.javbus.com/pics/actress/rpp_a.jpg
江上しほ,org,https://www.javbus.com/pics/actress/org_a.jpg
美保結衣,sxg,https://www.javbus.com/pics/actress/sxg_a.jpg
もなみ鈴,vax,https://www.javbus.com/pics/actress/vax_a.jpg
朱莉きょうこ,vpi,https://www.javbus.com/pics/actress/vpi_a.jpg
桐山結羽,rdl,https://www.javbus.com/pics/actress/rdl_a.jpg
相澤ゆりな,pej,https://www.javbus.com/pics/actress/pej_a.jpg
絵色千佳,2hw,https://www.javbus.com/pics/actress/2hw_a.jpg
上川星空,skm,https://www.javbus.com/pics/actress/skm_a.jpg
水城奈緒,1wp,https://www.javbus.com/pics/actress/1wp_a.jpg
愛瀬るか,vce,https://www.javbus.com/pics/actress/vce_a.jpg
榎本美咲,qt4,https://www.javbus.com/pics/actress/qt4_a.jpg
片瀬仁美,m2n,https://www.javbus.com/pics/actress/m2n_a.jpg
川村晴,w5c,https://www.javbus.com/pics/actress/w5c_a.jpg
桃瀬友梨奈,p1d,https://www.javbus.com/pics/actress/p1d_a.jpg
真白ここ,rsz,https://www.javbus.com/pics/actress/rsz_a.jpg
森下美緒,pul,https://www.javbus.com/pics/actress/pul_a.jpg
七瀬いおり,vsg,https://www.javbus.com/pics/actress/vsg_a.jpg
樋口みつは,we2,https://www.javbus.com/pics/actress/we2_a.jpg
星仲ここみ,w0d,https://www.javbus.com/pics/actress/w0d_a.jpg
椎葉えま,vf5,https://www.javbus.com/pics/actress/vf5_a.jpg
折原ほのか,oid,https://www.javbus.com/pics/actress/oid_a.jpg
美甘りか,uu7,https://www.javbus.com/pics/actress/uu7_a.jpg
夏希みなみ,n58,https://www.javbus.com/pics/actress/n58_a.jpg
永野つかさ,vn5,https://www.javbus.com/pics/actress/vn5_a.jpg
なごみ,nd0,https://www.javbus.com/pics/actress/nd0_a.jpg
石川祐奈,rws,https://www.javbus.com/pics/actress/rws_a.jpg
玉木くるみ,qcm,https://www.javbus.com/pics/actress/qcm_a.jpg
桃尻かのん,s4p,https://www.javbus.com/pics/actress/s4p_a.jpg